<?xml version="1.0" encoding="UTF-8"?>
<addon id="repository.desiaddon" name="[B][COLOR yellow]Desi Add-Ons[/COLOR][/B]" version="1.2.0" provider-name="johndoe27">
	<extension point="xbmc.addon.repository" name="DESI ADD-ONs">
		<dir>
			<info compressed="false">https://github.com/johndoe27/timepass-projects/raw/master/addons.xml</info>
			<checksum>https://github.com/johndoe27/timepass-projects/raw/master/addons.xml.md5</checksum>
			<datadir zip="true">https://github.com/johndoe27/timepass-projects/raw/master/zips/</datadir>
		</dir>
		
		<dir>
        <info compressed="false">https://raw.githubusercontent.com/jsergio123/zips/master/addons.xml</info>
        <checksum>https://raw.githubusercontent.com/jsergio123/zips/master/addons.xml.md5</checksum>
        <datadir zip="true">https://raw.githubusercontent.com/jsergio123/zips/master/</datadir>
		</dir>
	</extension>
	<extension point="xbmc.addon.metadata">
		<summary>Source to install all DESI ADD-ONs</summary>
		<description>Enjoy access to Indian media sources. All add-ons provide access to website like a normal browser.</description>
		<disclaimer>The video add-ons hosted by my Johndoe27 makes no warranties, expressed or implied, and hereby disclaims and negates all other warranties, including without limitation, implied warranties or conditions of merchantability, fitness for a particular purpose, or non-infringement of intellectual property or other violation of rights. Further, video add-ons don't warrant or make any representations concerning the accuracy, likely results, or reliability of the use of the materials on the Internet web site where from data is retrieved or otherwise relating to such materials or on any sites linked to this addon. Videos are streamed directly from video-hosting websites that are having full rights to remove such access to video if required. These add-ons access website contents like a normal web browser and show content to users.</disclaimer>
		<platform>all</platform>
		<assets>
			<icon>icon.png</icon>
		</assets>
	</extension>
</addon>