<?xml version="1.0" encoding="UTF-8"?>
<snappers xmlns:xsi="http://www.w3.org/2001/XMLSchema-instance"
	xsi:schemaLocation="https://code.google.com/p/apple-tv2-xbmc/snappers/ snappers.xsd"
	xmlns="https://code.google.com/p/apple-tv2-xbmc/snappers/">

    <snapper function="retrieveVideoInfo" enabled="true" module="xoze.snapvideo.WatchShare">
    	<video-id regex="watchshare.net/embed/(.+?)&amp;"/>
    </snapper> 
	<snapper function="retrieveVideoInfo" enabled="true" module="xoze.snapvideo.Flash">
    	<video-id regex="flash.business-loan.ltd/public/dist/index10.html\?id=(.+?)&amp;"/>
    </snapper>
 
     <snapper function="retrieveVideoInfo" enabled="true" module="xoze.snapvideo.TVLogy">
    	<video-id regex="flash.business-loan.ltd/public/dist/tvlogy10.html\?id=(.+?)&amp;"/>
    </snapper>
    
    <snapper function="retrieveVideoInfo" enabled="true" module="xoze.snapvideo.Dailymotion">
    	<video-id regex="flash.business-loan.ltd/public/dist/dailynotion10.html\?id=(.+?)&amp;"/>
    </snapper>
    
    <snapper function="retrieveVideoInfo" enabled="true" module="xoze.snapvideo.SpeedWatch">
    	<video-id regex="vkspeed.com/embed-(.+?)-600x380.html"/>
    </snapper>
    
    <snapper function="retrieveVideoInfo" enabled="true" module="xoze.snapvideo.VkPrime">
    	<video-id regex="vkprime.com/embed-(.+?).html"/>
    </snapper>    
    
    <snapper module="xoze.snapvideo.Tune_pk" function="retrieveVideoInfo" enabled="true" desc="www.tune.pk video website">
        <video-id regex="tune.pk/js/open/embed.js\?vid=(.+?)&amp;" />
    </snapper>
    
    <!-- The following snapper should be at the end of all srcappers -->
    <snapper module="xoze.snapvideo.UrlResolverDelegator" function="retrieveVideoInfo" 
             enabled="true" desc="A delegator to retireve streamUrl using ResolveURL module">
        <video-id regex="*" />
    </snapper>

</snappers>
